b,chi,seed,trueError,COR(1.000),COR(1.500),COR(1.667),COR(1.750),COR(1.800),COR(1.833),COR(1.857),COR(1.875),COR(1.889),COR(1.900),COR(1.909),COR(1.917),COR(1.923),COR(1.929),COR(1.933),COR(1.938),COR(1.941),COR(1.944),COR(1.947),COR(1.950)
2,1,412,0.3497931965019243,22,29,45,59,72,97,100,100,100,100,100,100,100,100,100,100,100,100,100,100,
2,1,678,0.0013894225774575128,32,100,77,100,100,100,100,100,100,100,100,100,100,100,100,100,100,100,100,100,
2,1,956,0.08497651878767734,18,52,97,80,77,86,100,100,100,100,100,100,100,100,100,100,100,100,100,100,
2,1,215,0.26213844052599516,17,26,42,58,73,93,100,100,100,100,100,100,100,100,100,100,100,100,100,100,
2,1,469,0.022398722165539908,33,27,47,65,85,93,100,100,100,100,100,100,100,100,100,100,100,100,100,100,
2,1,723,0.38244148479349954,32,34,48,100,100,100,100,100,100,100,100,100,100,100,100,100,100,100,100,100,
2,1,989,0.16383014586044004,100,32,100,71,85,100,100,100,100,100,17,17,17,20,21,23,100,100,100,100,
2,1,205,0.022880785114283403,100,38,48,71,88,100,100,100,100,100,100,100,100,100,100,100,100,100,100,100,
2,1,471,0.2660778267553274,8,33,46,65,80,90,100,100,100,100,100,100,100,100,100,100,100,100,100,100,
2,1,724,0.02629679730639824,95,35,47,94,100,100,100,100,100,100,100,100,100,100,100,100,100,100,100,100,
3,1,0,7.227896043913376,26,32,51,60,78,99,100,100,100,100,100,100,100,100,100,100,100,100,100,100,
3,1,275,8.559234385775122,32,30,44,58,79,90,100,100,100,100,100,100,100,100,100,100,100,100,100,100,
3,1,538,4.269020979095934,18,31,5,4,4,4,4,4,4,4,4,4,4,8,8,11,11,100,100,11,
3,1,596,3.9773996563601903,49,29,51,62,81,96,100,100,100,100,100,100,100,100,100,100,100,100,100,100,
3,1,869,0.4764608401618203,51,27,55,85,100,100,100,100,100,100,100,100,100,100,100,100,100,100,100,100,
3,1,139,4.253837332378103,22,37,46,76,79,91,100,100,100,100,100,100,100,100,100,100,100,100,100,100,
3,1,401,2.4754165012030027,68,29,43,78,77,96,100,100,100,100,100,100,100,100,100,100,100,100,100,100,
3,1,667,2.5380930284197394,36,41,47,63,86,97,100,100,100,100,100,100,100,100,100,100,100,100,100,100,
3,1,934,2.2359877198436746,76,31,48,5,4,4,4,4,4,4,4,4,4,4,4,4,4,4,4,4,
3,1,980,5.480103172166448,83,38,50,61,79,93,100,100,100,100,21,100,100,33,29,100,100,100,100,43,
3,2,217,0.038089284171011234,100,51,100,100,100,100,100,100,100,100,100,100,100,100,100,100,100,100,100,100,
3,2,506,0.008703335011341,41,100,100,94,78,93,100,100,100,100,100,100,100,100,100,100,100,100,100,100,
3,2,787,1.1277162461951047,43,25,56,76,73,92,100,100,100,100,100,100,7,11,11,11,14,14,14,14,
3,2,953,0.3652072765050197,100,45,48,61,78,92,100,100,100,100,100,100,100,100,100,100,100,100,100,100,
3,2,230,0.0439406000671949,83,53,68,100,97,100,100,100,100,100,100,100,100,100,100,100,100,100,100,100,
3,2,517,0.018574074915522466,17,57,74,61,100,100,100,100,100,100,100,100,100,100,100,100,100,100,100,100,
3,2,779,0.6829044939922286,41,100,77,60,100,100,100,100,100,100,100,20,20,23,23,24,27,30,29,33,
3,2,962,0.03697512146992685,100,66,100,100,100,100,100,100,100,100,100,100,100,100,100,100,100,100,100,100,
3,2,258,0.038433686723798856,67,76,92,97,83,94,100,100,100,100,100,100,100,100,100,100,100,100,100,100,
3,2,537,0.3727061351095063,32,67,47,81,84,100,100,100,100,100,100,100,100,100,100,100,100,100,100,100,
4,1,804,26.748164186373316,75,32,46,61,92,95,100,100,100,100,100,100,100,100,100,100,100,100,100,100,
4,1,72,14.979262142945002,47,30,47,64,77,95,100,100,100,100,100,100,100,100,100,100,100,100,100,100,
4,1,329,24.096966790584013,39,29,43,60,77,94,100,100,100,100,100,100,100,100,100,100,100,100,100,100,
4,1,583,14.178105441790354,28,28,50,64,77,94,100,100,100,100,100,100,100,100,100,100,100,100,100,100,
4,1,835,19.27457854854005,75,31,48,65,79,94,100,100,100,100,100,100,100,100,100,100,100,100,100,100,
4,1,103,26.30513994660057,81,30,47,61,6,5,6,6,7,7,10,9,10,11,11,11,11,11,11,11,
4,1,195,14.068487352547427,32,33,62,84,78,100,100,100,100,100,100,100,100,100,100,100,100,100,100,100,
4,1,468,30.129025904512233,74,27,48,68,8,8,10,11,11,14,14,16,17,17,20,17,17,17,19,19,
4,1,545,18.33510066276719,77,28,45,61,77,98,100,100,100,100,100,100,100,100,100,100,100,100,100,100,
4,1,812,33.48866110967933,38,27,45,4,4,4,4,4,4,4,4,4,4,4,4,4,4,4,4,4,
4,2,851,0.8836219330066464,58,36,45,72,80,100,100,100,100,100,100,100,100,100,100,100,100,100,100,100,
4,2,130,0.9730674327922177,88,47,74,100,100,100,100,100,100,100,100,100,100,100,100,100,100,100,100,100,
4,2,418,1.6209283404351131,68,28,86,83,83,100,100,100,100,100,100,100,100,100,100,100,100,100,100,100,
4,2,697,0.7390677347349296,40,37,73,63,79,100,100,100,100,100,100,100,100,100,100,100,100,100,100,100,
4,2,973,2.1202373864631934,100,32,50,61,82,97,100,100,100,100,100,19,17,100,100,21,24,28,29,100,
4,2,191,0.920919050869892,47,86,47,65,95,100,100,100,100,100,100,100,100,100,100,100,100,100,100,100,
4,2,467,2.0308540576456657,80,31,46,71,84,99,100,100,100,100,100,100,100,100,100,100,100,100,100,100,
4,2,741,2.3022769873649587,96,32,46,75,76,99,100,100,100,100,100,100,100,100,100,100,100,100,100,100,
4,2,17,4.419642393055378,100,34,44,70,96,91,100,100,100,100,100,100,100,100,100,100,100,100,100,100,
4,2,301,0.5563194132758862,100,67,100,90,100,100,100,100,100,100,100,100,100,100,100,100,100,100,100,100,
4,3,617,0.09455146120238889,48,47,100,84,100,100,100,100,100,100,100,100,100,100,100,100,100,100,100,100,
4,3,917,0.0018161163211876808,100,100,100,100,100,100,100,100,100,100,100,100,100,100,100,100,100,100,100,100,
4,3,237,0.0070680723093172765,100,100,100,100,100,100,100,100,100,100,100,100,100,100,100,100,100,100,100,100,
4,3,556,0.42841048305280244,100,49,50,100,100,100,100,100,100,100,100,100,100,100,100,100,100,100,100,100,
4,3,860,0.02935410882742939,100,100,100,100,100,100,100,100,100,100,100,100,100,100,100,100,100,100,100,100,
4,3,182,0.00011476628423689375,100,100,100,100,100,100,100,100,100,100,100,100,100,100,100,100,100,100,100,100,
4,3,569,0.0007791560835409937,100,100,48,100,100,100,100,100,100,100,100,100,100,100,100,100,100,100,100,100,
4,3,886,0.3242454035046203,100,100,49,73,100,100,100,100,100,100,100,100,100,100,100,100,100,100,100,100,
4,3,191,0.0028498965098210454,100,100,100,100,34,21,18,20,22,23,24,25,29,32,33,34,36,40,100,100,
4,3,391,0.005717269175717825,100,100,100,100,100,100,100,100,100,100,100,100,100,100,100,100,100,100,100,100,
6,1,779,135.37229634637012,28,29,43,60,82,92,106,120,120,120,120,120,120,120,120,120,120,120,120,120,
6,1,81,134.09136942164713,67,32,45,65,75,95,109,120,120,120,120,120,120,120,120,120,120,120,120,120,
6,1,390,221.41777896381666,40,28,45,65,81,96,112,120,120,120,120,120,120,120,120,120,120,120,120,120,
6,1,695,175.0522724642787,32,27,47,70,77,94,110,120,120,120,120,120,120,120,120,120,120,120,120,120,
6,1,46,213.77410475310273,34,28,43,64,80,98,110,120,120,120,120,120,120,120,120,120,120,120,120,120,
6,1,353,232.22078032912606,49,28,43,59,77,93,108,120,120,120,120,120,120,120,120,120,120,120,120,120,
6,1,660,139.49087953161768,24,28,47,68,76,95,110,120,120,120,120,120,120,120,120,120,120,120,120,120,
6,1,961,271.8770317603959,46,27,45,60,75,93,104,120,120,120,120,120,120,120,120,120,120,120,120,120,
6,1,266,175.31555033753287,91,32,45,65,76,96,111,120,120,120,120,120,120,120,120,120,120,120,120,120,
6,1,594,205.29381735343776,33,26,49,60,80,97,108,120,120,120,120,120,120,120,120,120,120,120,120,120,
6,2,897,40.84093093612715,99,30,48,78,80,99,111,120,120,120,120,120,120,120,120,120,120,120,120,120,
6,2,275,53.96979727913501,94,29,45,64,77,95,120,120,120,120,120,120,120,120,120,120,120,120,120,120,
6,2,651,51.19677004984705,62,35,60,7,8,10,11,13,14,15,17,19,21,22,23,24,26,27,29,31,
6,2,756,87.46663361263953,109,40,56,62,78,96,111,120,120,120,120,120,120,120,120,120,120,120,120,120,
6,2,142,59.028323915821964,89,28,53,67,90,96,107,120,120,120,120,120,120,120,120,120,120,120,120,120,
6,2,523,44.94272277952171,94,28,53,61,81,95,113,120,120,120,120,120,120,120,120,120,120,120,120,120,
6,2,891,51.24043016939196,120,41,46,61,88,98,118,120,120,120,120,120,120,120,120,120,120,120,120,120,
6,2,271,54.958496833423226,120,119,67,71,78,93,112,120,120,120,120,120,120,120,120,120,120,120,120,120,
6,2,709,47.95415771327765,102,30,58,62,74,99,114,120,120,120,120,120,120,120,120,120,120,120,120,120,
6,2,79,55.31169716636063,120,60,49,65,81,95,114,120,120,120,120,120,120,120,120,120,120,120,120,120,
6,3,465,9.077006181514262,120,53,46,73,109,115,114,120,120,120,120,120,120,120,120,120,120,120,120,120,
6,3,863,11.55392726149759,120,50,12,11,12,13,14,15,17,18,21,23,24,27,30,31,34,33,35,36,
6,3,999,5.908950312193392,120,93,84,80,89,103,120,120,120,120,120,120,120,120,120,120,120,120,120,120,
6,3,410,9.568460128724965,120,42,59,66,83,109,120,120,120,120,120,120,120,120,120,120,120,120,120,120,
6,3,802,12.61651582599913,120,58,71,108,101,102,120,120,120,120,120,120,120,120,120,120,120,120,120,120,
6,3,212,11.14638268202608,100,37,47,104,78,102,115,120,120,120,120,120,120,120,120,120,120,120,120,120,
6,3,603,9.613867797585531,70,27,45,63,77,94,107,120,120,120,120,120,120,120,120,120,120,120,120,120,
6,3,973,6.777841301104116,73,77,104,96,83,109,120,120,120,120,120,120,120,120,120,120,120,120,120,120,
6,3,369,13.388751498883408,103,48,44,112,88,103,120,120,120,120,120,120,120,120,120,120,120,120,120,120,
6,3,764,6.374466640615568,120,41,56,72,91,120,117,120,120,120,120,120,120,120,120,120,120,120,120,120,
6,4,160,0.544284340564231,120,66,120,120,120,120,120,120,120,120,120,120,120,120,120,120,120,120,120,120,
6,4,584,1.0880158788096632,120,120,120,92,81,94,116,120,120,120,120,120,120,120,120,120,41,120,120,120,
6,4,13,1.3894226546164457,120,120,120,120,120,120,118,120,120,120,120,120,120,120,120,120,120,120,120,120,
6,4,461,1.435949822072006,120,41,81,81,90,96,115,120,120,120,120,120,120,120,120,120,120,120,120,120,
6,4,873,1.6833910506466057,120,120,57,120,82,120,120,120,120,120,120,120,120,120,120,120,120,120,120,120,
6,4,308,0.6012555813386992,120,120,77,120,120,120,120,120,120,120,120,120,120,120,120,120,120,120,120,120,
6,4,744,2.36863711333363,120,103,51,120,120,120,112,120,120,120,120,120,120,120,120,120,120,120,120,120,
6,4,176,1.661323944731273,120,120,41,25,19,16,19,20,22,25,28,30,33,35,38,39,40,41,44,46,
6,4,369,0.7666098403478524,120,120,120,120,117,120,120,120,120,120,120,120,120,120,120,120,120,120,120,120,
6,4,807,0.8118512320402671,120,105,60,120,79,96,120,120,120,120,21,20,20,21,22,22,23,26,28,120,
6,5,91,0.006941202950098042,120,120,120,120,120,120,120,120,120,120,120,120,120,120,120,120,120,120,120,120,
6,5,551,0.16413487580700517,120,120,120,71,120,120,120,120,120,120,120,120,120,120,120,120,120,120,120,120,
6,5,993,0.09539971625662633,120,120,120,120,120,120,120,120,120,120,120,120,120,120,120,120,120,120,120,120,
6,5,455,0.0008039221023633191,120,120,120,120,120,120,120,120,120,120,120,120,120,120,120,120,120,120,120,120,
6,5,912,0.15534210841830481,120,120,120,120,120,120,120,120,120,120,120,25,120,120,120,29,29,30,32,32,
6,5,349,0.0006593772154624112,120,120,120,120,120,108,120,120,120,120,120,120,120,120,120,120,120,120,120,120,
6,5,791,0.02236050734023892,120,120,120,120,120,120,120,120,120,120,120,120,120,120,120,120,120,120,120,120,
6,5,245,0.010045606289663904,120,86,120,120,120,120,120,120,120,120,120,120,120,120,120,120,120,120,120,120,
6,5,702,0.04958502377007991,120,120,120,120,120,120,120,120,120,120,120,120,120,120,120,120,120,120,120,120,
6,5,147,0.037912269300805816,120,120,120,83,120,120,120,113,120,120,120,120,120,120,120,120,120,120,120,120,
8,1,596,638.8950110681826,47,30,51,60,75,93,107,126,150,157,160,160,160,160,160,160,160,160,160,160,
8,1,989,691.5975374063128,77,27,50,61,75,93,105,123,140,157,160,160,160,160,160,160,160,160,160,160,
8,1,388,818.9928379058028,160,55,48,67,78,97,111,128,145,159,160,160,160,160,160,160,160,160,160,160,
8,1,817,715.6443272957281,48,30,47,61,78,89,110,125,139,156,160,160,160,160,160,160,160,160,160,160,
8,1,205,597.069145555905,49,26,43,60,75,90,107,123,140,156,160,160,160,160,160,160,160,160,160,160,
8,1,604,776.6042279608017,52,28,45,63,80,95,115,128,141,159,160,160,160,160,160,160,160,160,160,160,
8,1,4,657.1196403630474,160,41,58,64,81,100,114,126,144,160,160,160,160,160,160,160,160,160,160,160,
8,1,435,789.4718027089505,93,28,44,61,74,92,107,126,145,160,160,160,160,160,160,160,160,160,160,160,
8,1,843,576.7857512470206,47,30,45,63,79,95,113,128,143,160,160,160,160,160,160,160,160,160,160,160,
8,1,236,826.7077389213694,160,90,45,61,77,94,111,8,6,6,6,6,6,6,6,6,6,6,6,7,
8,2,372,185.63239924297665,93,29,46,62,77,97,111,129,150,160,160,160,160,160,160,160,160,160,160,160,
8,2,877,281.5542208845935,160,160,149,94,93,111,112,131,148,160,160,160,160,160,160,160,160,160,160,160,
8,2,551,324.6652245003364,149,39,49,65,82,96,113,128,144,160,160,16,14,16,16,17,17,19,19,22,
8,2,832,353.0682365148675,160,94,79,91,10,9,9,9,10,11,12,13,13,14,15,15,16,19,20,21,
8,2,999,285.7474045997338,113,35,50,72,79,93,138,145,145,157,160,160,160,160,160,160,160,160,160,160,
8,2,536,291.88529848768167,66,37,45,62,81,92,110,124,138,160,160,160,160,160,160,160,160,160,160,160,
8,2,31,247.3856664684694,145,41,48,72,77,101,113,131,151,160,160,160,160,160,160,160,160,160,160,160,
8,2,556,243.62357007820307,78,27,48,66,77,98,112,129,142,158,160,160,160,21,22,22,22,23,24,24,
8,2,876,328.6472879509529,57,27,46,61,81,98,111,125,140,160,160,160,160,160,160,160,160,160,160,160,
8,2,373,256.55133498365376,141,35,45,61,80,95,110,125,138,160,160,160,160,160,160,160,160,160,160,160,
8,3,895,74.0202951839212,156,52,55,66,76,102,112,137,140,160,160,160,160,160,160,160,160,160,160,160,
8,3,452,81.13357514058697,160,44,53,65,83,97,114,126,158,158,160,160,160,160,160,160,160,160,160,160,
8,3,29,76.23217708073608,88,36,51,63,97,98,108,130,148,160,160,160,160,160,160,160,160,160,160,160,
8,3,604,100.72475920662416,160,120,62,75,103,117,121,127,145,160,160,160,160,160,160,160,160,44,160,50,
8,3,170,111.81951807951737,160,145,61,62,83,12,11,11,11,12,13,13,12,13,14,16,17,17,18,19,
8,3,368,108.78623878494727,160,55,47,91,110,95,141,143,153,160,160,160,160,160,160,160,160,160,160,160,
8,3,947,58.3007566995449,123,44,50,74,107,160,119,140,149,160,160,160,160,160,160,160,160,160,160,160,
8,3,512,90.20789457312102,160,77,70,71,84,97,112,129,147,160,160,160,160,160,160,160,160,160,160,160,
8,3,93,71.39283609941447,160,53,55,69,81,100,115,130,142,160,160,160,160,160,160,160,160,160,160,160,
8,3,655,106.6027501246349,160,160,65,80,83,101,111,127,147,155,160,160,160,160,160,160,160,160,160,160,
8,4,281,35.034195817183246,160,75,49,73,83,96,119,147,159,157,160,160,160,160,36,160,160,31,160,160,
8,4,851,23.665235659686314,160,120,61,70,82,100,132,133,147,160,160,160,160,160,160,160,160,160,160,160,
8,4,509,40.97130516855421,160,70,45,76,82,101,114,152,160,160,160,160,17,18,19,21,23,23,25,27,
8,4,885,49.82215912012506,160,65,68,64,85,106,14,131,20,160,160,37,31,160,160,160,160,160,160,160,
8,4,376,27.832509717662028,153,56,113,70,139,96,112,128,145,160,160,160,160,160,160,160,160,160,160,160,
8,4,984,16.776212443090003,160,47,66,63,97,104,136,160,155,159,160,160,160,160,160,160,160,160,160,160,
8,4,586,28.130959416078596,156,51,49,79,82,94,119,124,148,158,160,160,17,18,19,20,21,21,22,25,
8,4,941,21.995655839218752,160,64,56,62,97,94,121,137,140,159,160,160,160,160,160,160,160,160,160,160,
8,4,514,17.91751677039192,160,160,124,64,100,99,148,132,144,160,160,160,160,160,160,160,160,160,160,160,
8,4,176,18.930867289371502,160,98,64,62,105,109,119,135,15,16,16,17,19,20,21,21,23,25,26,26,
8,5,438,13.461561025472466,160,112,10,9,9,10,11,12,13,15,15,16,17,18,20,22,25,160,160,160,
8,5,698,11.348501510437714,160,160,119,129,83,100,160,148,148,160,160,160,52,160,160,160,160,160,160,31,
8,5,350,8.817572809425924,160,88,45,160,133,126,132,130,160,160,160,160,160,160,160,160,160,160,160,160,
8,5,19,8.32107703711612,160,93,13,9,11,12,14,16,17,19,21,160,160,160,160,160,160,160,37,40,
8,5,411,4.713258066395207,151,34,94,137,152,91,150,150,160,160,160,160,160,160,160,160,160,160,160,160,
8,5,62,1.5323203839954413,160,160,160,160,160,160,138,160,160,160,160,160,160,160,160,160,160,160,160,160,
8,5,769,6.294232447252183,160,33,27,25,20,11,11,12,13,14,16,16,18,22,21,22,25,28,27,26,
8,5,931,3.2304671040705575,155,54,159,138,134,112,113,159,160,159,160,160,160,160,160,160,160,160,160,160,
8,5,597,5.91012880376027,160,154,62,90,98,97,137,153,160,160,160,160,160,21,18,19,19,20,21,22,
8,5,45,12.305582099228808,160,110,138,76,110,113,160,141,141,160,160,29,26,26,160,160,30,30,35,160,
8,6,552,0.3191986779404796,160,160,95,160,155,160,160,160,160,160,160,160,160,160,160,160,160,160,160,160,
8,6,323,0.5367668346140106,160,49,160,147,160,106,160,160,160,160,160,160,160,160,160,160,160,160,160,160,
8,6,47,0.5290417164935765,160,160,160,160,160,100,160,160,160,160,160,160,160,160,160,160,160,160,160,160,
8,6,803,0.5852792550665136,160,120,160,160,160,156,160,156,160,160,160,160,160,160,160,160,160,160,160,160,
8,6,613,1.5505352648617436,160,160,160,160,160,160,121,160,160,160,160,160,160,160,160,24,24,25,26,28,
8,6,288,0.9114943015835089,160,160,124,129,160,160,19,20,21,22,23,25,28,30,33,34,34,36,39,40,
8,6,648,1.1381834519842275,160,107,76,68,160,120,160,160,160,160,160,160,160,160,160,160,160,160,160,160,
8,6,361,0.4243292047777665,160,143,61,82,94,128,140,160,160,160,160,160,160,160,160,160,160,160,160,160,
8,6,106,0.40802671423998416,160,160,160,160,160,102,153,160,160,160,160,160,160,160,160,160,160,160,160,160,
8,6,866,0.6364855402307862,160,160,160,160,160,160,160,160,160,160,160,160,160,160,160,160,160,160,160,160,
8,7,670,0.0025664135396302377,160,160,160,160,153,160,160,160,160,160,160,160,160,160,160,160,160,160,160,160,
8,7,474,0.0047809140540530206,160,160,160,160,160,160,160,160,160,160,160,160,160,160,160,160,160,160,160,160,
8,7,293,0.011077199485390914,160,160,160,160,160,114,160,160,160,160,160,160,160,160,160,160,160,160,160,160,
8,7,113,0.06522743061748405,160,160,160,62,114,108,160,160,160,160,160,160,160,160,160,160,160,160,160,160,
8,7,857,0.00749256161513606,160,160,160,160,160,160,160,160,160,160,160,160,160,160,160,160,160,160,160,160,
8,7,734,0.009378645856541204,160,160,124,114,160,160,160,160,160,160,160,160,160,160,160,160,160,160,160,160,
8,7,542,0.02116738531084896,160,160,160,160,160,160,160,160,160,160,160,160,160,160,160,160,160,160,160,160,
8,7,319,0.04922164488096928,160,160,160,160,160,160,160,160,160,160,160,160,160,160,160,160,160,160,160,160,
8,7,171,0.0011042538108827697,160,160,160,160,160,160,160,160,160,160,160,160,160,160,160,160,160,160,160,160,
8,7,939,0.028955506309361972,160,160,160,160,160,160,160,160,160,160,160,160,160,160,160,160,160,160,160,160,
10,1,787,2252.7213899646636,131,32,45,59,74,91,103,126,137,156,165,184,195,200,200,200,200,200,200,200,
10,1,381,2027.4752077922517,54,31,48,65,76,93,109,125,137,154,169,186,200,200,200,200,200,200,200,200,
10,1,944,2448.281952533117,75,27,48,60,75,94,109,122,137,152,171,182,196,200,200,200,200,200,200,200,
10,1,500,2514.7847463892745,54,26,43,61,77,92,107,127,139,159,173,185,200,200,200,200,200,200,200,200,
10,1,62,2212.513605228159,200,75,41,59,78,23,14,13,13,13,14,15,16,16,17,20,20,21,21,22,
10,1,238,2143.3794332004404,60,27,44,65,78,93,108,126,135,156,173,185,200,200,200,200,200,200,200,200,
10,1,797,1817.1629037432385,55,28,44,62,75,96,109,122,141,157,172,187,200,200,200,200,200,200,200,200,
10,1,345,2598.097472255655,115,39,48,62,80,93,109,121,137,154,167,182,200,200,200,200,200,200,200,200,
10,1,922,1854.0396707886046,57,29,43,63,75,93,107,127,140,156,175,185,198,200,200,200,200,200,200,200,
10,1,477,2139.7985222010466,127,31,44,63,77,91,105,124,138,156,167,179,198,200,200,200,200,200,200,200,
10,2,62,1070.8099743015941,185,63,53,8,7,7,7,7,8,9,10,11,12,12,12,13,13,15,16,16,
10,2,189,1225.0810577497393,96,34,48,66,85,98,112,130,147,161,178,198,200,200,200,200,200,200,200,200,
10,2,800,1206.083726590139,95,28,46,60,79,94,110,129,142,158,176,193,200,200,200,200,200,200,200,200,
10,2,395,935.6631572147651,77,33,53,8,8,9,10,12,13,14,15,16,17,18,20,21,22,24,26,27,
10,2,507,1130.439588266031,121,35,47,65,80,95,113,128,141,156,178,187,200,200,200,200,16,14,14,16,
10,2,984,1084.0481614261307,200,116,14,12,11,10,11,12,13,13,14,15,15,15,16,18,18,18,18,22,
10,2,147,904.9131198200255,119,34,48,63,76,93,112,124,140,171,176,192,200,200,200,200,200,200,200,200,
10,2,757,968.8846354485847,200,75,45,60,80,98,111,136,144,158,175,187,200,200,200,200,200,200,200,200,
10,2,409,1198.6223394096246,200,101,45,61,76,93,122,10,11,11,13,14,15,17,19,19,20,21,23,24,
10,2,628,958.9086936481904,179,50,60,65,80,92,113,129,143,158,181,189,200,200,200,200,200,200,200,200,
10,3,267,484.90374915412076,200,134,9,8,8,8,9,10,11,12,14,15,16,17,18,19,20,22,21,22,
10,3,426,448.1742911709008,199,64,46,65,79,94,134,151,146,162,175,200,200,200,200,200,200,200,200,200,
10,3,104,518.1107714391314,196,57,51,67,9,8,7,8,8,8,8,8,9,10,10,12,12,14,14,15,
10,3,270,326.46689406481954,115,30,50,66,78,93,115,129,147,160,175,189,200,200,200,200,200,200,200,200,
10,3,911,342.3997776099002,98,36,46,66,79,98,118,128,147,164,179,193,200,200,200,200,200,200,200,200,
10,3,560,475.51827711238013,200,6,4,5,5,6,7,8,9,10,11,11,11,12,13,13,17,15,17,19,
10,3,692,386.021227705515,95,30,48,66,86,99,113,129,149,163,176,194,200,200,200,200,200,200,200,200,
10,3,344,543.8352949515858,123,37,45,65,78,97,14,12,13,14,18,27,26,22,23,23,23,26,24,28,
10,3,535,504.966400287627,200,8,7,8,10,11,13,16,19,167,22,21,22,24,27,200,200,31,34,36,
10,3,825,396.93401830117216,200,102,55,97,84,105,117,146,151,181,194,193,200,200,200,200,200,200,200,200,
10,4,570,176.1487154456561,188,9,7,7,7,7,8,8,9,10,11,13,14,15,17,17,18,19,21,22,
10,4,709,165.75626388988786,200,84,63,65,80,94,117,126,154,161,181,195,200,200,200,200,200,200,200,200,
10,4,432,204.5482982523111,163,75,46,61,82,103,127,135,167,162,180,188,200,200,200,200,200,200,200,200,
10,4,144,200.28736324233506,200,125,60,61,77,103,112,128,147,158,174,200,200,200,200,23,19,20,21,22,
10,4,696,228.42375414555093,200,160,85,99,113,137,131,142,148,162,178,193,200,200,200,200,200,23,24,24,
10,4,398,198.56452958562255,200,87,49,67,100,104,113,32,33,166,68,50,45,200,200,53,200,49,32,33,
10,4,877,216.69385295686135,200,84,59,73,107,101,116,135,150,175,177,193,200,200,200,200,200,200,200,200,
10,4,643,190.56304113338035,200,77,53,81,82,97,124,132,148,168,178,189,200,200,200,200,200,200,200,200,
10,4,382,198.98947390526772,191,76,36,59,21,17,17,27,22,22,21,23,25,29,30,31,36,33,56,62,
10,4,609,164.37097475654338,133,37,49,63,80,100,110,131,160,191,200,187,200,200,200,200,200,200,200,200,
10,6,306,14.91803921729157,200,160,67,75,87,200,137,141,160,200,181,200,200,200,200,200,200,200,200,200,
10,6,207,18.246933719850553,200,200,110,125,121,103,147,157,193,167,200,198,200,200,200,200,200,200,200,200,
10,6,125,15.148851406123699,200,89,71,147,109,121,154,137,157,184,200,200,200,200,200,200,200,200,200,200,
10,6,989,27.493907690567386,200,200,99,60,118,170,154,198,159,200,173,199,200,200,200,200,200,51,52,55,
10,6,797,16.081992578990302,200,150,66,64,80,116,126,126,171,198,19,21,23,24,26,28,29,34,35,200,
10,6,271,20.937865487772676,200,200,200,152,108,102,172,150,190,156,200,200,200,200,200,200,200,200,200,200,
10,6,360,20.845688720788637,200,164,71,71,113,162,152,139,173,171,200,200,200,200,200,200,200,200,200,200,
10,6,270,17.567367714140133,200,200,200,123,98,96,128,134,155,160,200,195,200,200,200,200,200,200,200,200,
10,6,300,21.529657924103994,200,101,115,88,97,115,142,126,200,152,200,196,200,200,200,200,200,200,200,200,
10,6,161,14.293626690714099,200,200,200,106,122,119,200,153,190,200,196,200,200,200,200,200,200,200,200,200,
10,7,226,3.4523283413471675,200,149,200,200,200,200,197,189,200,200,200,200,200,200,200,200,200,200,200,58,
10,7,289,3.5749940623588143,200,200,200,17,14,13,14,16,17,19,21,23,24,26,27,28,30,30,33,35,
10,7,639,5.027592808484359,200,200,200,200,200,200,200,154,197,200,200,200,200,200,200,200,200,200,200,200,
10,7,812,4.601166290098061,200,200,200,153,197,135,118,181,154,179,200,200,200,200,200,200,200,200,200,200,
10,7,847,3.1705394442159704,200,200,200,92,200,200,147,200,200,200,200,200,200,200,200,200,200,200,200,200,
10,7,944,6.005374159068531,200,200,200,159,164,160,170,179,163,178,187,200,200,200,200,200,200,200,200,200,
10,7,999,3.9450256087322084,200,200,95,200,86,149,152,200,200,200,200,200,200,200,200,200,200,200,200,200,
10,7,33,6.521217324664871,200,145,12,11,11,12,14,15,16,17,19,22,25,24,26,27,200,31,30,32,
10,7,323,3.049422070049589,200,200,104,74,134,200,134,200,157,159,200,200,200,200,200,200,200,200,200,200,
10,7,301,4.6624363291018955,200,36,22,17,16,17,19,21,23,24,26,28,30,31,33,35,37,200,200,200,
10,8,726,0.8230560237039368,200,43,17,13,12,13,14,16,18,20,21,24,26,35,200,200,200,200,200,200,
10,8,272,0.5662890047595606,200,200,138,127,148,108,200,176,25,18,17,17,18,18,20,21,22,23,25,26,
10,8,787,0.7455394740417138,200,200,200,193,167,134,131,36,21,20,20,22,28,29,31,33,35,37,40,42,
10,8,318,0.45961079636920077,200,200,200,200,181,200,200,125,200,200,200,200,200,200,200,200,200,200,200,200,
10,8,466,1.0654281970689339,200,200,200,139,200,94,200,200,200,177,200,200,200,200,200,200,200,200,200,200,
10,8,561,1.2347008663468506,200,200,200,200,200,200,114,200,181,200,167,200,200,200,200,200,200,200,200,200,
10,8,684,1.0169238351154462,200,200,200,200,102,200,200,26,23,22,22,22,22,22,23,23,25,26,27,28,
10,8,281,0.8045799644418149,200,117,200,62,118,200,200,200,200,200,200,200,200,200,200,200,200,200,200,200,
10,8,347,1.0394554295442464,200,200,200,200,200,200,200,200,173,170,200,200,200,200,200,200,200,200,200,200,
10,8,525,0.38081576760015245,200,200,200,149,200,119,200,157,200,200,200,200,200,200,200,200,200,200,200,200,
13,1,656,7242.481288079551,61,26,45,59,75,92,104,125,137,152,167,184,199,221,230,242,251,260,260,260,
13,1,299,7922.856562464049,155,44,44,62,76,93,113,125,141,161,171,186,203,218,230,249,260,260,260,260,
13,1,982,6737.085775203517,78,30,47,62,77,93,110,124,142,155,170,184,196,225,232,251,260,260,260,260,
13,1,642,8086.761290537323,135,39,43,63,75,89,106,121,137,154,170,185,197,217,230,240,260,260,260,260,
13,1,330,7590.643305177774,135,36,44,59,81,92,107,120,137,153,168,190,200,219,229,241,260,260,260,260,
13,1,5,7386.631123599454,83,27,45,63,75,91,109,125,137,154,173,195,201,223,234,256,258,260,260,260,
13,1,672,7856.356312668604,105,37,45,60,77,93,107,122,139,155,175,184,200,217,234,252,260,260,260,260,
13,1,350,7715.90136692365,96,32,45,61,78,106,112,134,147,163,177,194,208,218,231,247,260,260,260,260,
13,1,28,6582.261297582405,98,29,45,62,75,97,109,124,143,156,177,188,203,221,235,245,260,260,260,260,
13,1,696,7714.966422518107,89,26,43,58,75,94,108,124,151,152,172,188,198,211,231,246,254,260,260,260,
13,2,362,4788.222209253952,188,52,46,61,76,92,107,123,16,16,18,20,21,23,24,25,27,29,31,33,
13,2,632,4097.604249750288,97,28,44,61,76,93,107,126,141,155,173,187,201,217,235,251,260,260,260,260,
13,2,363,3915.5919573313863,89,37,48,66,77,100,115,129,144,156,174,188,205,219,240,248,260,260,260,260,
13,2,107,4520.099787694845,101,31,46,62,78,92,114,123,138,155,170,186,203,216,241,254,260,260,260,260,
13,2,837,4208.701117046841,178,11,10,68,85,96,115,132,145,159,176,190,212,223,37,38,39,43,260,260,
13,2,455,3477.728535410729,147,38,47,62,77,95,109,125,141,156,179,186,216,226,231,250,260,260,260,260,
13,2,208,3825.298247457873,119,29,43,62,78,94,110,126,139,154,173,191,204,222,234,254,260,260,260,260,
13,2,940,3643.8006787583104,100,28,49,60,79,92,110,126,138,153,171,186,204,216,227,254,260,260,260,260,
13,2,672,4286.660105265382,141,38,46,61,78,94,109,126,141,158,177,191,209,223,238,253,260,260,260,260,
13,2,439,4038.226750698891,108,32,43,61,76,100,108,123,137,157,173,189,198,214,237,248,260,260,260,260,
13,4,168,1185.03941764402,260,52,54,70,83,98,111,128,142,161,178,204,211,213,244,260,260,260,260,260,
13,4,95,1329.7261856382124,260,15,10,10,11,13,14,16,19,20,29,26,25,24,25,23,21,23,24,25,
13,4,326,1444.054553777225,260,90,55,69,92,96,113,127,141,26,18,16,15,15,16,17,20,21,260,38,
13,4,784,1263.2248057270676,250,84,52,64,80,96,113,130,154,22,23,24,27,28,30,32,35,37,260,260,
13,4,292,1272.560119481001,260,158,92,64,87,99,112,127,142,166,178,204,214,226,239,257,260,260,260,260,
13,4,258,1118.9579178384035,260,212,122,72,85,109,115,133,146,158,173,187,224,229,236,246,260,260,260,260,
13,4,268,1091.7929571328361,171,48,45,62,79,104,110,127,146,161,180,194,205,225,240,250,260,260,260,260,
13,4,144,1445.2086502974316,260,162,14,14,16,19,22,24,26,28,31,34,36,39,41,249,260,260,260,53,
13,4,708,1084.8449087547103,260,113,45,70,84,96,113,126,145,157,178,200,210,222,237,260,260,260,260,260,
13,4,660,973.840696009132,199,195,96,63,78,94,110,128,143,156,176,191,207,235,243,256,260,260,260,260,
13,6,590,270.3980743776295,260,146,26,16,13,13,14,16,18,20,21,23,24,26,28,30,33,34,36,37,
13,6,932,279.72336409715706,254,84,55,91,80,100,112,131,145,157,173,194,210,224,241,252,260,260,260,260,
13,6,996,296.2061308803469,260,189,102,62,81,99,110,141,171,166,203,187,239,253,260,260,260,260,260,260,
13,6,275,320.9696591238967,260,101,62,68,80,145,109,125,156,181,174,204,207,219,230,243,260,260,260,260,
13,6,406,268.1443275665912,260,185,122,83,105,100,121,154,146,182,179,194,216,240,238,246,260,260,260,260,
13,6,604,302.6132472566292,260,187,124,107,92,138,120,140,160,176,244,216,215,260,260,260,260,260,260,260,
13,6,857,273.8459527547949,260,197,119,76,123,108,119,128,143,168,175,218,208,213,248,260,260,260,260,260,
13,6,32,303.42671527195955,260,112,84,92,107,120,135,163,174,196,204,229,19,17,17,18,18,19,20,22,
13,6,702,288.2385663478861,260,116,67,71,84,109,127,138,143,172,174,194,204,230,260,257,40,39,42,260,
13,6,705,296.43069328693593,260,228,121,75,90,103,119,32,31,165,182,191,208,222,240,259,260,260,260,260,
13,7,869,133.53000191228813,260,233,19,23,91,117,132,138,189,173,181,204,26,24,30,260,260,260,260,32,
13,7,894,118.07857165464063,260,16,9,10,11,13,14,16,18,22,31,34,32,28,30,43,45,33,33,36,
13,7,201,163.72936753636844,260,225,121,81,91,114,129,136,144,161,187,209,211,224,240,39,40,30,28,29,
13,7,240,141.91614353385637,260,142,108,76,102,100,108,139,154,171,172,195,209,219,248,244,255,260,260,260,
13,7,481,126.39599611745959,260,260,161,82,136,109,120,165,174,206,245,190,217,260,239,260,260,260,260,260,
13,7,1,159.3012423911785,260,176,10,8,8,9,10,11,12,14,16,18,22,23,24,25,25,25,26,27,
13,7,345,135.5509427333057,260,260,203,120,89,144,113,138,142,162,175,198,205,256,257,260,260,260,260,260,
13,7,850,120.02560326263904,260,118,60,97,121,145,112,125,177,260,180,207,260,238,233,260,260,260,260,260,
13,7,133,147.64392851141247,260,200,10,72,109,109,15,12,13,13,15,16,17,19,20,21,23,23,23,26,
13,7,587,159.93846577718227,260,76,51,74,93,112,133,138,152,160,187,206,27,20,21,22,24,27,26,260,
13,9,321,14.100838426589055,260,260,153,92,134,237,138,131,260,219,260,260,242,260,237,243,260,260,260,260,
13,9,44,13.302608098387903,260,260,148,170,111,147,111,155,228,164,197,179,200,260,240,260,260,260,260,260,
13,9,717,9.624818934263054,260,260,239,205,142,260,182,260,214,260,260,260,260,226,240,260,260,260,260,260,
13,9,651,13.639263863412388,260,260,205,235,190,223,166,125,140,260,18,17,18,19,20,22,23,24,25,27,
13,9,682,9.161703207435451,260,173,260,260,119,134,153,130,260,153,217,260,260,260,260,260,260,260,260,260,
13,9,390,13.893401135683689,260,260,129,113,260,256,260,157,260,161,260,233,260,260,260,260,260,260,260,260,
13,9,211,17.13756079844511,260,46,34,32,20,31,24,23,27,24,23,24,26,28,31,34,36,37,37,40,
13,9,874,15.266867700979152,260,260,188,251,198,101,214,148,260,226,194,260,203,260,244,260,260,260,260,260,
13,9,694,13.739713348292817,260,260,260,260,260,246,166,232,260,170,260,260,260,260,260,260,260,260,260,260,
13,9,772,24.781182010701485,260,260,222,119,129,164,138,133,151,198,207,221,216,213,253,260,260,260,260,29,
13,11,455,0.6016205704973706,260,260,260,260,260,260,260,260,260,260,260,260,260,260,260,260,260,260,260,260,
13,11,887,0.5113877231755555,260,260,260,260,260,260,195,252,243,260,260,260,260,260,260,260,260,260,260,260,
13,11,205,0.11790869775121915,260,260,260,260,260,260,260,260,260,260,260,240,260,260,260,260,260,260,260,260,
13,11,614,0.08283805763834717,260,260,260,260,260,260,260,260,260,260,260,260,260,260,260,260,260,260,260,260,
13,11,19,0.5392906817897342,260,260,260,228,260,260,260,260,260,260,260,260,260,260,260,260,260,260,260,260,
13,11,375,0.30495638015931475,260,260,260,260,260,260,260,260,260,260,260,260,260,260,260,260,260,260,260,260,
13,11,792,0.612508206969375,260,260,260,260,260,260,260,260,260,260,260,260,33,34,32,33,34,35,38,47,
13,11,417,0.6033433206780834,260,260,260,260,260,99,260,260,260,260,260,260,260,260,238,260,260,260,260,260,
13,11,708,0.4288273420012303,260,260,260,260,260,260,260,260,260,260,260,260,260,260,260,260,260,260,260,260,
13,11,79,0.7621086668569548,260,260,260,223,260,251,260,260,260,260,260,260,260,260,260,260,260,260,260,260,
16,1,893,19462.29248920462,320,205,147,115,94,95,109,123,137,155,170,186,197,214,228,243,260,274,286,298,
16,1,867,18550.696079067835,320,7,5,5,5,5,5,5,5,6,7,7,7,7,7,9,9,9,11,12,
16,1,60,19726.997336098902,79,27,42,60,75,91,105,124,139,151,166,183,192,211,218,243,258,272,286,302,
16,1,804,17532.237986228454,61,27,45,59,76,98,110,126,140,156,170,182,199,213,232,246,265,275,292,309,
16,1,562,19183.625402992595,235,64,42,65,76,94,107,122,138,153,172,180,200,212,227,243,255,272,284,302,
16,1,380,19691.739505803944,82,29,44,59,75,90,106,124,138,157,165,186,200,218,230,246,260,270,290,307,
16,1,187,19324.138107819323,54,27,43,60,76,91,108,122,136,150,167,183,194,211,226,245,261,266,285,307,
16,1,920,18774.683183477242,71,27,41,61,73,89,108,121,137,153,162,180,195,204,222,242,252,270,283,297,
16,1,638,19943.672130865223,125,43,52,65,78,94,106,123,139,157,172,183,199,214,232,243,261,278,287,303,
16,1,413,18601.436182339225,121,35,43,60,74,90,104,119,134,150,166,182,198,211,222,235,254,271,292,305,
16,3,180,7066.016809459676,198,60,8,7,7,7,8,9,10,11,12,12,13,13,15,16,16,17,18,19,
16,3,397,6501.808864142514,243,78,46,66,77,93,112,126,144,158,175,191,205,221,236,250,264,277,313,316,
16,3,428,8512.593047287099,320,7,6,7,8,9,10,12,13,14,15,17,18,19,20,22,22,24,26,27,
16,3,690,7560.762635523695,161,44,61,66,11,9,10,11,12,13,14,14,16,17,18,20,21,21,23,24,
16,3,920,6983.655474034085,170,53,49,62,77,95,110,125,142,156,171,194,204,219,237,254,267,282,299,309,
16,3,916,7211.069730044058,256,76,58,69,81,97,113,127,145,159,178,195,211,236,242,249,269,287,298,313,
16,3,973,7783.599151483614,124,34,47,63,78,101,111,130,144,166,175,194,207,229,238,254,268,279,300,320,
16,3,972,6438.872853270939,117,48,45,61,76,92,110,138,144,160,178,190,206,233,240,255,277,284,309,308,
16,3,967,6927.341989972319,135,47,7,7,7,7,8,9,9,9,10,10,11,12,15,15,17,17,18,18,
16,3,129,7669.875374988173,320,304,53,13,13,14,16,18,20,22,24,26,28,29,31,34,36,37,38,41,
16,5,580,2688.8803820076155,320,215,72,24,15,12,13,14,16,17,19,21,22,24,27,32,31,33,37,39,
16,5,3,2401.8008096184276,264,90,48,65,83,94,110,126,142,165,174,194,215,224,241,254,271,278,298,309,
16,5,270,2827.3355645629463,320,116,51,64,13,13,13,15,17,18,19,20,24,44,30,33,36,38,39,41,
16,5,728,2962.2500620442806,320,26,15,12,11,12,13,14,16,18,22,23,25,24,236,249,305,302,290,311,
16,5,576,2284.4119066738003,320,110,56,71,91,110,117,130,150,160,177,193,213,238,235,250,293,283,300,302,
16,5,933,3392.839243523412,320,320,320,320,17,14,15,18,145,164,25,28,28,30,252,36,31,31,35,37,
16,5,290,2818.8416302608193,320,314,170,140,84,106,115,126,142,165,175,193,213,220,235,259,295,282,293,320,
16,5,790,2219.907364377289,205,62,47,64,81,101,110,147,145,157,185,199,203,227,241,251,261,280,307,319,
16,5,21,2033.0832705853356,320,78,59,66,80,101,118,137,143,161,173,191,213,229,256,262,278,294,307,320,
16,5,381,2265.9323462806815,320,132,61,64,86,95,115,131,149,163,188,196,205,240,237,252,282,281,298,301,
16,7,697,940.6173732460654,320,184,259,129,93,125,18,19,19,17,16,17,18,19,20,22,23,24,26,28,
16,7,378,894.4321861716502,320,166,94,94,95,122,123,144,168,159,199,209,212,223,25,24,24,26,27,27,
16,7,466,841.4504207515167,320,31,21,16,16,18,20,22,23,25,189,199,28,28,28,33,266,42,34,41,
16,7,266,930.2393631964086,320,22,11,9,9,9,10,11,13,15,16,17,19,20,21,22,24,24,25,26,
16,7,649,920.8563012935914,320,43,13,10,10,10,11,12,13,15,17,18,19,21,22,24,26,26,28,29,
16,7,135,742.3867390477849,320,172,87,95,87,126,134,27,23,22,22,24,25,27,29,31,33,35,38,39,
16,7,796,862.231694879435,320,123,64,69,81,110,113,128,141,174,201,194,249,253,237,286,278,318,290,320,
16,7,445,758.419517013222,320,182,93,67,91,105,113,131,150,166,183,200,213,226,232,275,253,281,318,304,
16,7,57,759.2506627450028,174,58,55,74,88,107,112,131,165,181,180,197,210,244,238,269,271,320,313,320,
16,7,580,827.2406337983009,320,12,8,8,9,11,12,14,16,18,19,21,22,23,25,27,29,30,308,320,
16,9,161,144.3454211293261,320,178,93,118,99,101,290,139,152,203,171,213,205,280,320,256,276,276,320,312,
16,9,340,233.75071419217343,320,24,18,18,19,20,21,22,25,179,230,200,31,33,31,32,34,48,45,40,
16,9,307,208.4919544035958,320,149,81,68,100,119,140,215,170,171,193,61,43,44,61,58,53,50,50,51,
16,9,485,226.32237738471775,320,320,15,16,26,49,17,16,17,16,17,18,20,20,20,22,24,25,26,27,
16,9,122,245.07840810653198,320,28,19,17,15,14,14,14,15,16,17,18,19,21,22,24,25,26,28,29,
16,9,624,231.33130985238748,320,203,151,132,113,172,133,21,18,18,22,26,25,25,25,25,26,28,29,29,
16,9,519,223.04578287008493,320,131,72,77,87,99,184,142,171,207,189,254,320,320,22,320,316,320,308,320,
16,9,607,219.15149278631094,320,283,183,186,320,158,135,214,174,167,177,200,212,239,246,271,320,320,320,320,
16,9,10,224.22092922284557,320,46,33,41,26,26,43,35,78,31,28,27,30,30,32,33,35,50,32,32,
16,9,653,246.67838107468629,320,35,16,13,13,14,15,17,19,21,21,22,24,27,28,30,31,33,34,37,
16,11,304,35.08942817356313,320,320,225,262,98,146,116,129,177,248,195,228,291,251,243,258,320,284,320,310,
16,11,424,36.384792628983426,320,320,320,320,246,116,149,320,182,320,320,288,290,274,320,241,308,320,320,320,
16,11,83,29.03407247849981,320,320,21,17,18,19,20,21,22,25,27,29,32,35,320,263,320,320,320,320,
16,11,296,35.232025099219,320,211,133,89,167,122,120,159,211,225,177,199,209,228,258,264,320,303,320,320,
16,11,70,32.32916912421985,320,320,316,320,203,113,108,127,145,169,291,182,302,217,267,285,320,263,298,303,
16,11,217,43.30501905206504,320,320,320,149,114,320,114,188,164,284,205,282,261,278,234,266,30,35,320,320,
16,11,194,31.150048242359937,320,320,320,195,238,170,214,320,320,230,201,256,247,301,320,320,320,320,320,320,
16,11,794,33.57331373747619,320,320,320,231,219,133,38,44,41,37,35,34,32,31,33,34,38,43,53,71,
16,11,483,31.328495603792852,320,320,144,124,89,189,177,147,313,182,194,236,286,272,231,308,320,320,320,320,
16,11,636,32.30450105955947,320,320,233,81,14,13,14,15,17,18,20,22,23,25,26,28,30,31,33,34,
16,13,593,2.5591182318830716,600,600,600,600,236,600,382,600,356,600,600,512,600,359,234,600,600,600,600,600,
16,13,987,2.8244986318296528,600,335,406,600,386,147,262,287,180,281,600,471,485,307,600,600,439,575,558,307,
16,13,549,1.8411778091116482,600,600,416,363,600,600,278,600,600,439,417,600,600,257,246,600,473,600,464,600,
16,13,178,2.998538738880241,600,600,600,600,600,600,228,600,600,600,600,600,600,600,343,600,600,600,600,600,
16,13,472,2.155178434705452,600,600,600,219,451,600,170,262,214,600,282,600,270,600,600,600,567,600,600,600,
16,13,945,3.141536641632646,600,86,53,600,324,332,228,320,600,27,24,23,24,24,25,26,28,30,31,32,
16,13,379,3.032010041037407,600,600,484,421,487,365,600,600,525,370,400,600,348,600,600,600,600,297,600,600,
16,13,686,1.515061004826413,600,600,600,600,600,600,553,600,600,306,600,600,600,226,600,600,600,600,600,600,
16,13,530,2.419193150855414,600,600,600,545,600,600,600,527,211,534,397,566,338,600,258,600,600,600,600,600,
16,13,858,2.3059619153849416,600,44,22,15,14,15,17,19,21,22,24,26,29,35,46,44,43,44,46,42,
16,15,962,0.03639115677984371,700,700,498,700,700,700,700,700,700,215,700,700,700,700,700,700,700,700,700,700,
16,15,610,0.000709083797913301,700,700,700,700,700,653,700,700,700,700,700,700,700,700,700,700,700,700,700,700,
16,15,24,0.0016965212873587107,700,700,700,700,700,700,700,700,700,700,700,700,700,700,700,700,700,700,700,700,
16,15,61,0.06178857599451508,700,700,700,700,700,700,700,700,700,199,700,700,700,700,700,700,599,700,700,390,
16,15,128,0.0010601952677080258,700,700,676,700,700,700,700,700,700,700,700,700,700,700,700,700,700,700,700,700,
16,15,576,0.0008343732905079196,700,700,700,700,700,700,700,700,700,700,700,700,700,700,700,700,700,700,700,700,
16,15,212,0.00219291263524416,700,700,700,700,700,700,700,700,700,700,700,700,700,700,700,700,700,700,700,700,
16,15,148,5.193807710981781e-05,700,700,700,700,700,700,700,700,700,700,700,700,700,700,700,700,700,700,700,700,
16,15,492,0.0019769427100767636,700,700,700,700,700,700,700,700,700,700,700,700,700,700,700,700,700,700,700,700,
16,15,598,0.0012683271844366839,700,700,700,700,700,700,700,700,700,700,700,700,700,700,700,700,700,700,700,700,
20,1,368,48761.23791223449,100,82,45,62,77,92,100,100,100,100,100,100,100,100,100,100,100,100,100,100,
20,1,141,44881.89962645149,100,97,43,59,76,97,100,100,100,100,100,100,100,100,100,100,100,100,100,100,
20,1,916,46462.740991373044,100,71,51,60,76,89,100,100,100,100,100,100,100,100,100,100,100,100,100,100,
20,1,720,49581.44230936742,100,31,47,59,74,92,100,100,100,100,100,100,100,100,100,100,100,100,100,100,
20,1,459,50052.327781808744,100,81,42,64,76,91,100,100,100,100,100,100,100,100,100,100,100,100,100,100,
20,1,222,47346.42229246843,100,52,47,57,75,91,100,100,100,100,100,100,100,100,100,100,100,100,100,100,
20,1,983,50741.243402735825,100,57,50,66,78,92,100,100,100,100,100,100,100,100,100,100,100,100,100,100,
20,1,764,46519.441697877955,100,27,43,62,74,89,100,100,100,100,100,100,100,100,100,100,100,100,100,100,
20,1,498,47731.29294545579,46,29,44,59,75,90,100,100,100,100,100,100,100,100,100,100,100,100,100,100,
20,1,214,45256.12151103579,100,30,44,57,75,88,100,100,100,100,100,100,100,100,100,100,100,100,100,100,
20,3,947,24200.095778882343,100,100,77,78,77,94,100,100,100,100,100,100,100,100,100,100,100,100,100,100,
20,3,2,23479.230725860285,100,100,47,61,80,96,100,17,16,16,17,18,19,20,23,25,100,100,30,37,
20,3,586,23622.958361044744,100,68,55,68,84,100,100,100,100,100,100,100,100,100,100,100,100,100,100,100,
20,3,543,24352.437246247664,100,87,50,62,80,95,100,100,100,100,100,100,100,100,100,100,100,100,100,100,
20,3,505,25009.357527002998,100,85,48,61,79,96,100,100,100,100,100,100,100,100,100,100,100,100,100,100,
20,3,471,24170.875805947224,100,100,68,65,77,96,100,100,100,100,100,100,100,100,100,100,100,100,100,100,
20,3,519,25602.640501761558,100,15,10,11,12,14,15,17,19,21,23,25,27,30,23,24,24,26,28,30,
20,3,882,24707.322919944618,100,53,55,66,81,95,100,100,100,100,100,100,100,100,100,100,100,100,100,100,
20,3,862,23436.959115491125,100,95,50,63,78,95,100,100,100,100,100,100,100,100,100,100,100,100,100,100,
20,3,845,22783.63728224841,100,100,100,72,79,97,100,100,100,100,100,100,100,100,100,100,100,100,100,100,
20,6,921,6860.961682414935,300,145,66,72,84,99,115,128,142,162,175,210,208,258,260,259,268,299,300,300,
20,6,460,7689.848284757274,300,300,19,14,15,16,20,19,20,25,28,29,32,32,36,38,40,42,47,23,
20,6,417,6349.827755721489,300,185,23,9,8,8,8,9,10,11,12,13,14,14,16,17,18,19,20,21,
20,6,81,7285.062187508962,300,104,52,69,84,95,114,138,145,167,179,197,210,232,250,300,282,300,300,300,
20,6,305,7072.963448775196,265,92,9,10,11,12,13,15,16,18,19,21,23,25,27,28,30,31,33,34,
20,6,844,6907.199256202029,300,170,93,75,85,104,120,29,33,165,181,195,206,251,245,263,300,284,300,39,
20,6,883,6307.25842109571,300,102,79,81,97,110,126,138,153,173,188,198,209,241,40,256,269,300,294,48,
20,6,914,6871.439261381249,274,113,69,74,89,104,114,152,150,164,176,203,223,229,234,40,42,45,47,50,
20,6,481,7035.875755174115,300,107,58,66,85,112,128,136,150,163,178,189,203,238,254,265,273,288,300,300,
20,6,632,7153.103731433732,300,125,64,67,80,100,113,129,163,166,178,190,210,226,235,273,300,300,300,300,
20,8,776,2870.392586149309,321,148,88,43,112,29,22,21,23,26,184,198,26,226,240,253,267,307,345,346,
20,8,7,3119.171260889652,400,203,112,73,89,17,19,128,147,39,49,31,34,27,27,29,31,30,35,33,
20,8,193,2475.9765617022786,400,352,190,122,84,100,115,145,155,166,179,195,206,240,235,274,274,303,301,363,
20,8,331,3197.6284895187136,400,400,339,228,161,103,116,133,144,162,19,19,19,20,22,22,23,24,25,26,
20,8,84,3054.649044335506,400,280,20,16,16,24,15,15,16,17,18,17,18,19,20,22,23,24,25,26,
20,8,24,2941.141819307376,400,43,96,88,99,110,124,139,145,178,178,194,209,228,295,283,29,28,30,37,
20,8,105,2515.8700496634033,296,120,74,82,99,109,115,134,144,163,175,192,221,224,235,249,263,336,390,400,
20,8,864,2900.023321522562,400,399,264,197,140,114,129,141,177,177,198,218,207,222,245,268,287,284,314,322,
20,8,161,2719.4426584542953,372,143,71,20,22,24,26,30,37,44,194,28,29,33,235,312,362,321,305,324,
20,8,182,2463.045443732555,400,400,152,79,97,99,117,131,156,163,189,190,220,222,249,249,268,305,345,354,
20,11,406,588.2805106168387,600,537,26,19,107,113,116,138,154,160,192,188,224,245,290,245,321,383,330,299,
20,11,820,652.0230227781983,600,35,13,12,12,13,15,16,18,19,20,21,22,23,23,25,26,27,29,30,
20,11,531,540.6834470729839,600,282,178,150,122,103,22,18,19,20,21,23,25,27,31,35,36,39,149,37,
20,11,775,519.1934740201585,585,205,253,82,85,112,149,151,149,166,181,191,230,269,243,276,320,294,293,467,
20,11,880,567.0448323279732,600,403,242,177,116,170,26,35,50,98,55,35,28,26,29,33,30,31,34,35,
20,11,556,544.5011766936951,600,573,335,215,213,169,124,150,172,207,199,240,238,220,248,274,285,298,465,383,
20,11,972,605.1845984151105,600,333,78,15,11,12,14,15,16,18,19,21,22,24,26,27,29,30,32,34,
20,11,783,503.90799172527284,600,600,155,95,114,111,117,135,205,168,282,265,286,305,377,301,580,388,354,410,
20,11,729,554.5820669501411,600,371,190,151,124,119,130,168,170,207,210,192,277,224,248,293,288,273,407,307,
20,11,112,580.4118894266161,600,541,33,21,17,17,19,142,155,176,185,217,217,225,296,251,287,42,40,42,
20,13,78,174.65004347389635,700,101,45,32,31,39,70,65,56,50,54,79,210,62,52,57,52,50,311,617,
20,13,918,177.98039954132065,700,29,18,15,15,16,17,17,18,19,20,21,22,23,25,26,28,29,31,33,
20,13,591,161.63369218297208,700,26,45,14,12,12,13,15,17,18,20,20,21,22,23,24,26,26,28,30,
20,13,557,154.375099223537,700,479,300,199,376,152,69,158,170,262,181,239,213,476,246,269,271,291,479,419,
20,13,496,163.57174098368222,622,195,264,165,36,25,20,18,19,22,27,23,25,26,28,30,29,33,33,37,
20,13,900,158.30346765706656,700,483,280,93,91,108,336,289,159,323,243,237,226,247,424,318,58,345,353,43,
20,13,218,137.57443589641463,700,605,380,259,248,23,21,24,24,23,23,23,25,28,30,31,32,32,33,40,
20,13,616,108.99859514557778,700,663,269,250,291,212,308,208,163,255,291,201,220,500,515,292,384,491,559,605,
20,13,366,134.8222552260994,700,345,188,169,98,171,258,176,177,184,199,65,65,62,61,61,58,78,75,83,
20,13,885,152.16779783107927,700,72,184,16,14,14,15,16,17,18,20,21,22,23,24,26,27,29,30,31,
20,16,603,7.856570656849239,900,900,900,744,900,213,900,343,650,900,364,900,274,699,900,280,900,134,784,295,
20,16,374,7.200842813999811,900,650,900,683,679,326,395,463,900,896,281,559,604,233,417,900,466,900,384,900,
20,16,995,9.669140999028459,900,681,631,517,900,244,40,25,23,23,24,26,28,557,725,283,298,846,347,360,
20,16,295,8.887613050478047,900,900,793,900,900,329,375,900,263,159,900,900,426,824,294,545,437,900,609,337,
20,16,72,10.188323927055363,900,900,69,58,137,699,18,17,17,18,20,22,811,50,75,900,833,421,470,900,
20,16,996,10.956271275723523,900,900,474,615,153,340,179,710,709,900,256,885,305,299,550,408,639,433,745,900,
20,16,970,6.6593899035343345,900,900,900,749,564,900,875,730,278,249,243,220,561,900,900,699,638,829,900,486,
20,16,159,7.252590846692057,900,900,476,297,333,900,900,666,201,900,725,704,406,900,636,387,427,452,521,900,
20,16,104,11.373379600945562,900,900,646,407,86,49,37,34,32,32,32,33,34,35,38,39,33,34,36,36,
20,16,927,12.477421400967525,900,900,900,900,376,29,29,26,27,30,32,35,37,40,43,46,49,52,55,57,
20,19,300,0.003834474933950383,1100,1100,1100,1100,1100,1100,1100,1100,1100,1100,1100,1100,1100,1100,1100,1100,1100,1100,1100,1100,
20,19,350,0.00011305206270246602,1100,1100,1100,1100,1100,1100,1100,1100,1100,1100,1100,1100,1100,1100,1100,1100,1100,1100,1100,1100,
20,19,262,5.9434217765965065e-05,1100,1100,1100,1100,1100,1100,1100,1100,1100,1100,1100,1100,1100,1100,1100,1100,1100,1100,1100,1100,
20,19,291,0.015407899912350123,1100,1100,1100,1100,1100,1100,1100,1100,1100,1100,1100,1100,1100,1100,1100,1100,1100,1100,1100,1100,
20,19,480,0.0018513874578462652,1100,656,1100,1100,1100,1100,1100,1100,1100,1100,1100,1100,1100,1100,1100,1100,1100,1100,1100,1100,
20,19,241,0.0007098189506776458,1100,980,1100,1100,1100,1100,1100,1100,1100,1100,1100,1100,1100,1100,1100,1100,1100,1100,1100,1100,
20,19,780,6.0971084541049635e-06,1100,1100,1100,1100,1100,1100,1100,1100,1100,1100,1100,1100,1100,1100,1100,1100,1100,1100,1100,1100,
20,19,607,0.04421699306893892,1100,1100,1100,1100,1100,1100,1100,1100,1100,1100,1100,1100,1100,1100,1100,1100,1100,795,1100,1100,
20,19,142,0.0018550240508078148,1100,1100,1100,882,719,618,550,503,470,448,434,428,431,445,474,517,488,396,327,278,
20,19,2,0.0006583051774122945,1100,1100,1100,1100,1100,1100,1100,1100,1100,1100,1100,1100,1100,1100,1100,1100,1100,1100,1100,1100,
24,1,301,113958.60254961152,100,53,45,59,75,90,100,100,100,100,100,100,100,100,100,100,100,100,100,100,
24,1,532,111250.76623817545,100,89,46,61,16,11,12,13,18,22,23,19,20,22,24,25,26,28,30,31,
24,1,134,103405.03251464787,100,32,47,61,76,92,100,100,100,100,100,100,100,100,100,100,100,100,100,100,
24,1,366,106455.87395295073,100,46,42,60,76,94,100,100,100,100,100,100,100,100,100,100,100,100,100,100,
24,1,607,104263.42971665868,100,35,43,59,78,89,100,100,100,100,100,100,100,100,100,100,100,100,100,100,
24,1,817,104587.81884259274,100,34,42,58,74,91,100,100,100,100,100,100,100,100,100,100,100,100,100,100,
24,1,38,110361.39556431967,100,67,48,60,74,91,100,100,100,100,100,100,100,100,100,100,100,100,100,100,
24,1,338,104084.14662181941,100,52,45,62,80,89,100,100,100,100,100,100,100,100,100,100,100,100,100,100,
24,1,588,105792.37852382765,100,54,44,61,75,92,100,100,100,100,100,100,100,100,100,100,100,100,100,100,
24,1,837,112548.41523002349,100,31,44,60,73,90,100,100,100,100,100,100,100,100,100,100,100,100,100,100,
24,4,72,44785.87892553747,200,200,200,91,14,14,16,15,17,17,18,18,19,20,21,23,25,25,27,35,
24,4,505,45216.79373252034,200,200,200,173,15,15,15,17,19,22,23,25,27,29,31,33,35,200,42,42,
24,4,245,46415.002493032254,200,200,112,72,83,98,111,132,146,161,175,195,200,200,45,40,33,33,34,34,
24,4,275,43170.480564673824,200,108,52,64,82,99,115,128,144,156,174,25,25,26,27,28,29,31,32,34,
24,4,814,42367.74138188611,200,95,51,63,80,96,112,128,143,158,174,192,200,200,200,200,200,200,200,200,
24,4,370,43742.1087568104,200,154,99,74,79,95,111,126,141,158,175,190,200,200,200,200,200,200,200,200,
24,4,173,44647.886568454494,147,46,47,62,82,94,113,125,141,160,170,188,200,200,200,200,200,200,200,200,
24,4,576,40240.46549970384,200,125,21,13,13,15,17,19,20,22,24,22,24,25,27,29,32,33,34,35,
24,4,486,43398.76231417699,200,81,53,65,81,98,112,126,144,160,172,190,200,200,200,200,200,200,200,200,
24,4,11,43651.042135634794,200,200,200,12,10,10,11,13,15,16,18,20,21,23,24,26,29,31,32,35,
24,7,293,14569.592318945553,500,264,209,136,25,23,22,18,17,17,18,21,201,219,242,254,262,294,339,320,
24,7,680,15371.81011172837,500,27,11,14,33,107,114,139,33,23,24,25,26,28,30,32,34,37,37,39,
24,7,610,14611.273631681937,293,123,74,106,84,130,167,183,171,160,181,197,209,226,230,257,259,300,286,317,
24,7,315,15376.083587503508,320,131,78,86,100,103,123,136,153,168,175,214,211,220,238,259,267,300,335,338,
24,7,924,15238.190820282027,500,423,255,176,115,101,128,14,14,15,16,19,19,20,21,22,23,24,25,27,
24,7,747,16311.398816916204,500,316,188,44,38,33,155,36,176,181,199,209,228,242,276,262,280,341,291,313,
24,7,919,15442.968222778525,441,263,134,138,97,103,125,128,143,159,177,190,212,252,240,264,266,281,313,320,
24,7,897,15200.221622025656,359,195,64,69,83,104,123,136,144,158,181,193,208,223,238,275,267,298,311,315,
24,7,480,14786.077050743714,500,500,500,73,13,12,13,14,16,17,19,20,22,24,25,27,28,30,31,32,
24,7,167,15666.556840730402,500,285,156,103,89,99,122,129,147,165,182,192,27,26,27,29,30,31,34,34,
24,10,172,4567.834052473204,700,564,335,222,159,128,141,141,153,174,29,32,40,35,38,40,41,43,46,48,
24,10,814,4698.703180559575,700,513,94,94,95,102,120,149,155,164,179,191,210,226,262,255,261,305,319,400,
24,10,313,5090.5593332934095,700,460,286,196,122,100,114,139,149,21,21,21,23,24,25,26,29,32,32,33,
24,10,76,4658.909668367963,700,403,238,155,106,99,116,127,145,159,47,50,53,57,238,248,267,283,303,323,
24,10,571,5020.4428440248375,700,169,19,17,17,17,20,22,23,25,29,33,39,46,69,47,49,45,39,38,
24,10,267,4972.767092878166,153,56,35,26,23,22,22,23,25,26,29,32,29,37,35,39,42,281,300,36,
24,10,848,5133.782156160134,576,560,275,483,16,17,19,21,23,26,29,32,30,35,36,38,41,43,45,46,
24,10,820,5103.541276764952,700,384,203,26,25,23,23,23,22,20,21,21,21,23,24,26,29,29,30,31,
24,10,260,5099.025809558525,700,30,20,16,18,20,29,26,22,71,60,68,75,100,78,70,97,76,66,64,
24,10,517,5108.565854371865,700,341,67,24,24,338,32,27,28,30,32,31,32,32,41,30,33,34,36,38,
24,13,117,1192.4157598829843,900,394,208,156,160,105,158,147,153,184,196,210,223,262,268,260,267,348,388,429,
24,13,336,1206.766507501033,807,409,214,234,97,120,118,159,155,249,186,242,310,397,417,356,417,366,411,493,
24,13,195,1222.5491407505183,900,481,274,373,163,71,56,22,22,24,23,24,21,22,25,30,30,32,34,36,
24,13,502,1385.171126869952,900,453,290,71,108,23,142,157,204,179,183,197,222,258,353,311,265,439,508,345,
24,13,941,1328.4702546646226,593,55,86,155,167,369,220,134,167,204,231,262,235,231,252,279,484,320,360,567,
24,13,816,1035.3840372579393,900,836,477,320,26,23,23,24,26,28,31,34,37,40,42,45,47,50,53,55,
24,13,372,1284.3063522426078,900,475,282,191,171,168,203,202,212,177,44,211,272,242,94,41,38,323,67,362,
24,13,26,1209.0567564023863,108,54,25,23,18,18,22,26,24,27,31,30,272,231,37,32,30,40,38,35,
24,13,584,1295.8899817205288,900,176,22,18,18,16,14,15,15,16,17,18,19,21,22,23,25,27,27,29,
24,13,209,1283.6559719287902,900,333,207,424,46,16,14,15,17,18,20,21,23,24,26,28,29,31,33,34,
24,16,852,210.38582886601338,494,1200,72,71,1200,1200,64,64,71,76,85,1200,35,34,35,37,46,54,43,46,
24,16,269,235.3200456872646,644,228,150,64,51,1200,105,97,82,83,74,50,45,46,52,55,57,56,62,1200,
24,16,218,239.88648086863668,621,240,138,96,47,191,1200,54,50,47,33,31,29,28,28,29,31,31,33,37,
24,16,277,233.28721750521635,1200,608,356,237,151,112,95,70,67,74,80,88,42,1200,1200,1200,48,49,52,54,
24,16,577,198.06809499258307,639,281,170,124,110,1200,1200,1200,76,75,82,89,96,103,110,118,125,132,139,147,
24,16,183,190.86902056751268,435,149,90,61,48,52,1200,1200,1200,89,88,93,99,107,113,120,127,135,1200,1200,
24,16,31,221.97848756777782,1200,1200,1200,1200,1200,1200,145,128,120,1200,1200,1200,1200,1200,1200,1200,1200,1200,1200,1200,
24,16,74,338.86861666590164,254,28,15,13,13,15,16,15,15,16,17,19,20,23,23,25,26,27,29,30,
24,16,73,251.97916971259855,435,230,160,142,96,52,74,1200,1200,32,34,1200,1200,1200,58,55,37,36,37,38,
24,16,497,203.03655076789545,458,153,94,67,51,47,54,60,67,74,81,88,95,102,109,116,124,131,137,144,
24,19,709,18.994222535318613,1118,349,275,1200,1200,1200,1200,1200,1200,1200,1200,1200,1200,1200,1200,1200,1200,1200,50,49,
24,19,286,20.911935842429116,1200,522,305,222,180,157,139,125,114,104,103,101,103,108,115,122,130,137,144,152,
24,19,165,16.95460993122098,922,310,186,132,100,78,74,72,81,89,72,58,55,53,55,60,1200,1200,1200,1200,
24,19,177,18.871194508191188,1200,1084,652,427,248,146,108,106,110,1200,1200,1200,1200,1200,1200,1200,1200,1200,1200,1200,
24,19,775,16.535142284717654,663,210,122,39,27,23,22,22,23,24,25,25,27,28,29,31,33,34,36,37,
24,19,97,25.985283015505836,1200,1200,1200,1200,1200,42,34,35,36,39,35,36,38,36,36,40,41,59,44,41,
24,19,349,19.013509005708492,1200,683,451,38,30,26,24,24,26,28,31,34,35,37,39,43,148,149,55,1200,
24,19,402,13.652814347301666,1200,895,488,479,378,460,368,317,300,290,260,233,170,155,152,187,168,163,168,172,
24,19,338,24.393913651551166,949,307,178,120,87,62,62,75,35,35,33,31,32,33,35,37,40,42,42,45,
24,19,410,14.312972914151567,584,226,137,74,66,54,57,64,72,79,88,95,104,111,120,127,135,142,151,158,
24,23,290,0.008929586608594355,1200,1200,968,699,549,454,389,341,305,277,253,234,216,199,183,168,157,175,178,178,
24,23,775,0.009075906081161392,1200,697,428,311,245,201,170,145,125,107,92,94,102,110,118,126,134,142,150,158,
24,23,117,9.350268773293688e-05,1200,819,494,353,273,220,182,152,127,102,98,105,115,123,132,141,150,159,168,177,
24,23,938,0.005236946735063882,1200,600,361,255,194,152,120,88,88,97,102,113,120,131,138,148,157,165,176,185,
24,23,739,0.020227302439691237,1200,561,320,220,164,127,97,93,88,98,98,108,111,122,125,136,141,150,157,165,
24,23,992,0.009461241595558148,901,300,178,123,91,65,61,69,76,85,93,101,110,118,126,135,143,151,159,168,
24,23,773,0.0033836317931365822,1121,367,213,145,105,75,60,69,78,87,96,105,114,122,132,140,150,159,168,177,
24,23,271,0.010742573667293455,1121,375,225,160,121,94,72,66,76,84,92,102,110,118,127,136,145,155,1200,1200,
24,23,558,0.018726675436692663,1200,1008,575,386,282,218,175,143,117,94,96,101,109,117,126,134,142,151,160,168,
24,23,545,0.0010464840600177404,882,292,171,117,85,60,58,67,75,83,93,102,110,118,127,136,145,153,162,170,
30,1,188,296618.8078476557,48,14,14,19,25,30,35,40,45,50,55,60,65,70,75,81,86,91,97,102,
30,1,952,263344.86075312906,49,17,15,20,25,31,35,41,46,51,56,61,67,72,77,82,87,92,97,102,
30,1,724,279383.7181488824,33,13,16,21,26,31,36,42,47,52,57,62,68,73,78,84,89,95,100,105,
30,1,527,281003.1674167953,51,19,15,20,25,30,35,40,45,50,55,60,65,70,75,80,85,90,96,101,
30,1,352,270426.3976879771,20,9,15,20,25,31,36,42,47,52,58,63,68,73,79,84,89,94,99,105,
30,1,44,276418.516596481,85,37,27,15,11,10,9,10,10,11,11,11,11,11,12,12,12,14,15,16,
30,1,47,275028.0284059207,46,15,16,20,26,31,36,41,47,53,58,63,68,73,79,84,89,93,98,103,
30,1,808,296058.278312129,76,26,18,21,26,31,36,41,47,54,14,13,13,14,15,16,17,17,18,18,
30,1,998,261893.86063055918,22,9,14,19,24,29,35,40,45,50,55,60,66,71,76,81,87,92,97,103,
30,1,710,274535.2368205872,123,22,21,24,28,33,38,43,49,54,59,64,69,75,80,84,89,94,100,104,
30,5,669,103374.17576514115,208,65,40,43,33,27,30,58,26,26,26,28,30,32,35,37,39,41,43,47,
30,5,823,105479.59186871504,339,74,52,39,31,36,42,48,54,61,1500,27,25,26,28,32,35,34,34,35,
30,5,626,107369.77217114068,77,15,11,9,9,9,10,11,12,12,13,13,13,14,15,16,17,19,20,21,
30,5,262,97556.12282363644,449,1500,1500,1500,1500,1500,1500,1500,1500,1500,1500,1500,1500,1500,1500,1500,1500,1500,1500,1500,
30,5,683,98496.05326323202,424,146,90,65,1500,1500,1500,1500,1500,1500,1500,1500,1500,1500,1500,1500,1500,32,32,34,
30,5,63,108343.63602304197,268,15,11,10,10,10,11,13,14,16,17,17,18,19,20,23,24,25,26,28,
30,5,7,104312.08373698506,189,48,26,23,29,35,46,19,17,17,16,15,16,16,17,19,20,22,23,24,
30,5,930,107000.63085286245,65,32,21,24,29,35,42,48,54,60,66,72,80,90,1500,1500,1500,1500,1500,1500,
30,5,422,97209.13564096179,91,37,26,23,30,36,41,47,53,59,65,71,77,83,89,95,101,107,113,119,
30,5,312,103698.41863246183,324,72,32,28,46,38,16,15,15,16,17,19,21,22,24,25,27,29,31,32,
30,9,860,37643.34341213263,216,18,11,10,10,11,13,14,15,17,18,17,18,19,21,22,25,26,26,30,
30,9,450,37684.031098901054,298,107,75,43,1500,58,48,54,61,67,1500,1500,1500,1500,1500,1500,1500,1500,1500,64,
30,9,881,32003.93451681332,199,1500,1500,1500,1500,1500,1500,1500,1500,1500,1500,1500,1500,1500,96,103,109,114,121,127,
30,9,648,38212.20935036804,468,29,57,21,25,1500,21,21,23,25,27,31,32,39,37,32,33,43,38,34,
30,9,402,34230.79537627689,680,156,82,64,60,1500,1500,1500,38,35,36,38,40,43,47,50,52,55,59,61,
30,9,10,36905.35165484236,268,45,39,70,43,24,19,17,18,20,40,30,26,28,35,35,40,31,32,33,
30,9,337,36879.53167065405,437,1500,1500,1500,1500,1500,29,59,1500,1500,43,45,36,38,1500,41,42,43,1500,1500,
30,9,724,36680.48721581024,984,334,32,1500,1500,52,1500,1500,1500,1500,1500,34,24,25,26,28,29,31,33,35,
30,9,747,34933.452214280565,445,1500,1500,1500,1500,1500,1500,1500,1500,1500,1500,1500,1500,110,113,1500,1500,147,130,134,
30,9,862,33775.23965519514,528,178,108,80,73,23,19,20,20,35,1500,28,35,27,25,26,28,29,31,35,
30,13,55,9375.060235770943,291,95,65,52,46,42,39,36,34,34,35,37,37,1500,1500,1500,1500,1500,1500,1500,
30,13,183,10743.335091288016,839,305,181,1500,1500,1500,1500,1500,1500,1500,1500,1500,1500,1500,1500,1500,140,1500,67,1500,
30,13,114,9816.860896866623,854,265,145,100,75,58,57,61,62,68,76,90,98,103,111,115,118,126,132,59,
30,13,869,11355.25345749758,375,141,89,1500,1500,1500,1500,1500,1500,1500,1500,1500,1500,1500,1500,43,42,48,64,1500,
30,13,936,10372.419272744779,1500,1500,146,301,1500,1500,1500,1500,1500,1500,1500,1500,116,1500,90,1500,1500,1500,1500,1500,
30,13,113,9853.50849683064,431,93,1500,1500,44,46,51,56,62,68,74,81,87,94,100,107,114,121,127,134,
30,13,438,10606.152106342626,1500,528,1500,1500,1500,1500,1500,1500,1500,1500,1500,1500,1500,1500,1500,1500,1500,1500,1500,1500,
30,13,406,10831.52252494129,628,69,45,111,1500,1500,1500,1500,1500,1500,1500,1500,1500,1500,1500,1500,1500,1500,61,68,
30,13,910,9893.38174815822,916,322,201,139,1500,1500,1500,1500,1500,1500,1500,1500,1500,1500,1500,1500,1500,1500,1500,1500,
30,13,107,10062.355043141644,602,1500,1500,1500,1500,1500,1500,37,33,1500,1500,1500,31,28,30,30,31,32,35,47,
30,17,32,2352.8972104100485,1500,647,75,23,22,24,33,32,29,27,26,27,29,29,30,31,38,45,49,67,
30,17,309,2478.270500920795,393,107,45,34,27,25,26,26,28,28,29,33,30,30,30,31,40,36,38,39,
30,17,655,2047.1091891461574,817,273,165,119,92,75,67,67,72,1500,88,93,1500,1500,1500,1500,1500,1500,1500,1500,
30,17,682,2242.772371274631,458,144,1500,1500,81,1500,1500,1500,1500,1500,1500,1500,1500,1500,1500,1500,56,1500,1500,1500,
30,17,114,2077.7039383177616,791,1500,1500,53,127,105,107,108,113,113,115,117,139,152,1500,1500,1500,1500,1500,1500,
30,17,440,2270.0143113988556,1087,1500,95,68,1500,1500,1500,1500,1500,1500,1500,1500,1500,1500,1500,1500,1500,1500,48,1500,
30,17,351,2007.6431090242759,1500,1088,300,195,165,1500,40,34,34,35,38,41,43,53,70,61,63,136,201,185,
30,17,32,2352.8972104100485,1500,647,75,23,22,24,33,32,29,27,26,27,29,29,30,31,38,45,49,67,
30,17,556,1963.564522415612,752,251,152,103,59,52,55,61,66,72,79,85,92,98,105,112,119,126,133,140,
30,17,656,2293.748619111372,716,233,141,57,183,153,638,1500,80,1500,88,119,105,97,91,1500,1500,94,1500,1500,
30,21,652,309.07777327041015,821,281,289,1500,1500,1500,114,1500,165,143,1500,1500,1500,50,44,45,49,66,64,63,
30,21,607,256.4894375842091,867,115,64,71,79,78,47,40,43,46,51,56,60,65,69,73,78,82,86,85,
30,21,798,315.26019358096534,1185,390,239,396,46,74,109,142,106,99,1500,1500,1500,50,46,47,47,48,49,50,
30,21,910,324.2106982833186,1500,790,493,1500,1500,1500,1500,1500,1500,1500,1500,1500,1500,1500,1500,1500,1500,1500,1500,1500,
30,21,361,276.41224254383883,594,205,128,88,67,59,60,66,73,85,94,1500,1500,1500,1500,1500,1500,1500,1500,151,
30,21,193,331.3433753238453,1500,381,344,303,379,307,260,1500,85,89,83,78,74,73,74,74,95,113,1500,1500,
30,21,869,299.7852830428592,396,158,98,72,1500,1500,1500,1500,1500,1500,1500,1500,1500,1500,1500,1500,1500,1500,1500,1500,
30,21,248,312.9650051747119,1424,1500,1500,236,110,94,91,48,33,35,83,60,58,1500,1500,1500,38,37,38,39,
30,21,663,319.2901038761739,738,260,159,112,88,78,78,77,80,83,88,94,100,104,1500,1500,1500,1500,1500,1500,
30,21,313,307.9529350728167,1500,122,80,66,51,54,35,32,27,29,31,31,33,35,37,39,40,39,41,43,
30,25,267,9.613226185811229,1500,1500,1500,1016,790,642,535,460,421,386,360,365,1500,1500,1500,1500,1500,1500,1500,1500,
30,25,98,14.355073785005303,736,242,140,95,73,59,60,65,72,80,88,96,104,111,119,127,134,142,150,157,
30,25,159,10.66125072430194,1500,571,349,259,212,184,164,145,124,105,93,106,110,115,124,131,137,146,180,270,
30,25,214,12.903476353277402,1500,639,387,281,223,186,160,141,127,119,159,80,91,85,66,64,63,64,66,67,
30,25,12,13.228389507356377,1207,448,304,273,304,1500,73,81,83,77,74,77,1500,1500,1500,1500,1500,1500,1500,1500,
30,25,756,12.121688949493073,1391,1500,1500,1500,1500,1500,241,178,1500,1500,1500,1500,1500,1500,1500,1500,1500,1500,1500,1500,
30,25,166,9.278484738802875,1500,854,506,362,285,236,201,173,153,1500,1500,1500,1500,1500,1500,1500,1500,1500,1500,1500,
30,25,135,14.231879867411836,1500,579,345,244,188,152,127,107,93,98,101,105,113,117,120,126,133,140,148,156,
30,25,305,20.693824817451198,1345,445,264,183,138,109,89,83,82,88,91,99,104,111,119,126,134,142,150,159,
30,25,526,17.7134501409122,1500,977,591,423,326,261,214,177,147,120,93,93,101,109,117,125,132,140,147,155,
30,29,53,0.009545131244235292,1500,781,450,311,235,188,155,129,106,103,104,106,116,121,132,139,149,157,165,175,
30,29,855,0.013209656997952637,1500,1500,1288,938,742,614,525,459,405,360,323,292,264,238,215,194,172,160,168,177,
30,29,664,0.0022304024236792785,1500,792,473,335,257,206,169,141,118,97,94,103,111,120,129,137,146,154,163,172,
30,29,920,0.004577822851292391,975,325,193,134,100,75,55,63,72,80,88,96,104,112,120,128,137,145,153,161,
30,29,700,0.0013849157393430464,1500,550,325,226,170,132,103,76,77,83,91,100,108,117,125,134,143,151,160,168,
30,29,590,0.04329719210714985,1500,1405,859,618,481,392,330,285,252,229,213,198,185,175,174,207,245,339,371,382,
30,29,896,0.0003505582763329938,1500,1335,801,571,441,358,298,254,218,188,161,135,120,129,137,147,155,165,175,183,
30,29,154,0.002960152891973794,1500,1023,610,431,331,266,221,186,158,134,113,118,125,134,144,152,161,171,178,189,
30,29,788,0.00959371342136895,1500,1500,1500,1500,1500,1500,1500,1500,1500,1500,1500,1500,1500,1500,1500,1500,1500,1500,1500,1500,
30,29,255,0.0006837856236696037,1500,846,506,358,274,219,178,145,113,107,108,119,128,137,147,157,167,177,186,197,
